{"products":[{"id":"0.5054426975425503","qty":1}],"totalPrice":1.2300000000000182}